| udacity            |
+--------------------+
5 rows in set (0.00 sec)

MySQL [(none)]> use udacity;
Reading table information for completion of table and column names
You can turn off this feature to get a quicker startup with -A

Database changed
MySQL [udacity]> select * from student;
+----------+-----------+-------+------------+
| lastName | firstName | major | bDay       |
+----------+-----------+-------+------------+
| thang    | nguyen    | CS    | 2000-06-09 |
| thang2   | nguyen2   | CS    | 2000-06-09 |
| thang3   | nguyen3   | CS    | 2000-06-09 |
+----------+-----------+-------+------------+
3 rows in set (0.00 sec)

MySQL [udacity]> INSERT INTO student VALUES ('thang4', 'nguyen4', 'CS', '2000-06-09');
ERROR 1290 (HY000): The MySQL server is running with the --read-only option so it cannot execute this statement
MySQL [udacity]> clear
MySQL [udacity]> 
MySQL [udacity]> 
MySQL [udacity]> exit
Bye
[ec2-user@ip-10-2-10-207 ~]$ clear

[ec2-user@ip-10-2-10-207 ~]$ mysql -h udacity.cgiwkwy24cr5.us-west-1.rds.amazonaws.com -u admin -p
Enter password: 
Welcome to the MariaDB monitor.  Commands end with ; or \g.
Your MySQL connection id is 11
Server version: 8.0.28 Source distribution

Copyright (c) 2000, 2018, Oracle, MariaDB Corporation Ab and others.

Type 'help;' or '\h' for help. Type '\c' to clear the current input statement.

MySQL [(none)]> use udacity;
Reading table information for completion of table and column names
You can turn off this feature to get a quicker startup with -A

Database changed
MySQL [udacity]> select * from students;
ERROR 1146 (42S02): Table 'udacity.students' doesn't exist
MySQL [udacity]> select * from student; 
+----------+-----------+-------+------------+
| lastName | firstName | major | bDay       |
+----------+-----------+-------+------------+
| thang    | nguyen    | CS    | 2000-06-09 |
| thang2   | nguyen2   | CS    | 2000-06-09 |
| thang3   | nguyen3   | CS    | 2000-06-09 |
+----------+-----------+-------+------------+
3 rows in set (0.00 sec)

MySQL [udacity]> INSERT INTO student VALUES ('thang4', 'nguyen4', 'CS', '2000-06-09');
Query OK, 1 row affected (0.01 sec)

MySQL [udacity]> select * from student;
+----------+-----------+-------+------------+
| lastName | firstName | major | bDay       |
+----------+-----------+-------+------------+
| thang    | nguyen    | CS    | 2000-06-09 |
| thang2   | nguyen2   | CS    | 2000-06-09 |
| thang3   | nguyen3   | CS    | 2000-06-09 |
| thang4   | nguyen4   | CS    | 2000-06-09 |
+----------+-----------+-------+------------+
4 rows in set (0.00 sec)

MySQL [udacity]> 
